rank,player,elo,changeLastEvent,peakElo,matches,wins,losses,draws,winRate,eventsPlayed,firstPlayed,lastPlayed
1,Sam H,1308.0,+40.6,1308.0,16,12,3,1,78.1%,4,2026-09-11,2026-10-09
2,Rory K,1264.8,-14.3,1301.3,16,10,4,2,68.8%,4,2026-09-11,2026-10-09
3,Connor B,1249.8,+13.1,1251.0,7,4,1,2,71.4%,2,2026-10-02,2026-10-09
4,Tom F,1234.3,+22.1,1248.1,11,6,4,1,59.1%,3,2026-09-11,2026-10-09
5,Brian F,1231.9,+16.0,1231.9,8,4,2,2,62.5%,2,2026-09-11,2026-10-09
6,Zack W,1221.8,+15.1,1239.4,16,7,6,3,53.1%,4,2026-09-11,2026-10-09
7,Mike K,1221.5,+21.5,1221.5,4,2,1,1,62.5%,1,2026-10-09,2026-10-09
8,William C,1206.6,+6.6,1216.1,4,2,2,0,50.0%,1,2026-09-18,2026-09-18
9,Chris M,1206.4,+6.4,1219.9,8,4,4,0,50.0%,2,2026-09-11,2026-10-02
10,Clay W,1198.5,-1.5,1200.0,4,2,2,0,50.0%,1,2026-09-11,2026-09-11
11,Seba F,1197.6,-34.3,1244.5,15,6,6,3,50.0%,4,2026-09-11,2026-10-09
12,Devon C,1197.3,-2.7,1200.0,4,2,2,0,50.0%,1,2026-10-09,2026-10-09
13,Andrew C,1196.0,-4.0,1213.2,4,2,2,0,50.0%,1,2026-09-18,2026-09-18
14,Sawyer W,1183.8,-35.9,1219.7,16,7,8,1,46.9%,4,2026-09-11,2026-10-09
15,Brian V,1174.2,+42.5,1200.0,11,4,7,0,36.4%,3,2026-09-11,2026-10-09
16,Lucas E,1168.4,-31.6,1201.3,4,1,3,0,25.0%,1,2026-09-18,2026-09-18
17,Phoenix C,1166.5,-33.5,1200.0,4,1,3,0,25.0%,1,2026-10-09,2026-10-09
18,David E,1137.5,-62.5,1200.0,4,0,4,0,0.0%,1,2026-09-11,2026-09-11
19,Miles L,1119.7,-7.7,1201.4,13,3,9,1,26.9%,4,2026-09-11,2026-10-09
20,Zak J,1115.4,-42.4,1200.0,7,0,6,1,7.1%,2,2026-10-02,2026-10-09
