eventDate,eventId,round,table,player,opponent,result,ratingBefore,expectedScore,ratingChange,ratingAfter
2026-09-11,11549063,1,1,Chris Murphy,Miles Loftis,Win,1200.0,0.500,+16.0,1216.0
2026-09-11,11549063,1,1,Miles Loftis,Chris Murphy,Loss,1200.0,0.500,-16.0,1184.0
2026-09-11,11549063,1,2,Clay Westman,Tom F,Loss,1200.0,0.500,-16.0,1184.0
2026-09-11,11549063,1,2,Tom F,Clay Westman,Win,1200.0,0.500,+16.0,1216.0
2026-09-11,11549063,1,3,Brian Froeb,Brian Velasco,Win,1200.0,0.500,+16.0,1216.0
2026-09-11,11549063,1,3,Brian Velasco,Brian Froeb,Loss,1200.0,0.500,-16.0,1184.0
2026-09-11,11549063,1,4,Rory K,sawyer welden,Win,1200.0,0.500,+16.0,1216.0
2026-09-11,11549063,1,4,sawyer welden,Rory K,Loss,1200.0,0.500,-16.0,1184.0
2026-09-11,11549063,1,5,David Evans,Sam Hayes,Loss,1200.0,0.500,-16.0,1184.0
2026-09-11,11549063,1,5,Sam Hayes,David Evans,Win,1200.0,0.500,+16.0,1216.0
2026-09-11,11549063,1,6,Seba Fowler,Zack Withers,Loss,1200.0,0.500,-16.0,1184.0
2026-09-11,11549063,1,6,Zack Withers,Seba Fowler,Win,1200.0,0.500,+16.0,1216.0
2026-09-11,11549063,2,1,Brian Froeb,Rory K,Loss,1216.0,0.500,-16.0,1200.0
2026-09-11,11549063,2,1,Rory K,Brian Froeb,Win,1216.0,0.500,+16.0,1232.0
2026-09-11,11549063,2,2,Tom F,Zack Withers,Win,1216.0,0.500,+16.0,1232.0
2026-09-11,11549063,2,2,Zack Withers,Tom F,Loss,1216.0,0.500,-16.0,1200.0
2026-09-11,11549063,2,3,Chris Murphy,Sam Hayes,Loss,1216.0,0.500,-16.0,1200.0
2026-09-11,11549063,2,3,Sam Hayes,Chris Murphy,Win,1216.0,0.500,+16.0,1232.0
2026-09-11,11549063,2,4,David Evans,Seba Fowler,Loss,1184.0,0.500,-16.0,1168.0
2026-09-11,11549063,2,4,Seba Fowler,David Evans,Win,1184.0,0.500,+16.0,1200.0
2026-09-11,11549063,2,5,Brian Velasco,Miles Loftis,Loss,1184.0,0.500,-16.0,1168.0
2026-09-11,11549063,2,5,Miles Loftis,Brian Velasco,Win,1184.0,0.500,+16.0,1200.0
2026-09-11,11549063,2,6,Clay Westman,sawyer welden,Win,1184.0,0.500,+16.0,1200.0
2026-09-11,11549063,2,6,sawyer welden,Clay Westman,Loss,1184.0,0.500,-16.0,1168.0
2026-09-11,11549063,3,1,Rory K,Tom F,Win,1232.0,0.500,+16.0,1248.0
2026-09-11,11549063,3,1,Tom F,Rory K,Loss,1232.0,0.500,-16.0,1216.0
2026-09-11,11549063,3,2,Miles Loftis,Sam Hayes,Loss,1200.0,0.454,-14.5,1185.5
2026-09-11,11549063,3,2,Sam Hayes,Miles Loftis,Win,1232.0,0.546,+14.5,1246.5
2026-09-11,11549063,3,3,Brian Froeb,Zack Withers,Win,1200.0,0.500,+16.0,1216.0
2026-09-11,11549063,3,3,Zack Withers,Brian Froeb,Loss,1200.0,0.500,-16.0,1184.0
2026-09-11,11549063,3,4,Chris Murphy,Clay Westman,Win,1200.0,0.500,+16.0,1216.0
2026-09-11,11549063,3,4,Clay Westman,Chris Murphy,Loss,1200.0,0.500,-16.0,1184.0
2026-09-11,11549063,3,5,Brian Velasco,Seba Fowler,Loss,1168.0,0.454,-14.5,1153.5
2026-09-11,11549063,3,5,Seba Fowler,Brian Velasco,Win,1200.0,0.546,+14.5,1214.5
2026-09-11,11549063,3,6,David Evans,sawyer welden,Loss,1168.0,0.500,-16.0,1152.0
2026-09-11,11549063,3,6,sawyer welden,David Evans,Win,1168.0,0.500,+16.0,1184.0
2026-09-11,11549063,4,1,Rory K,Sam Hayes,Loss,1248.0,0.502,-16.1,1231.9
2026-09-11,11549063,4,1,Sam Hayes,Rory K,Win,1246.5,0.498,+16.1,1262.6
2026-09-11,11549063,4,2,Chris Murphy,Tom F,Loss,1216.0,0.500,-16.0,1200.0
2026-09-11,11549063,4,2,Tom F,Chris Murphy,Win,1216.0,0.500,+16.0,1232.0
2026-09-11,11549063,4,3,Brian Froeb,Seba Fowler,Draw,1216.0,0.502,-0.1,1215.9
2026-09-11,11549063,4,3,Seba Fowler,Brian Froeb,Draw,1214.5,0.498,+0.1,1214.6
2026-09-11,11549063,4,4,Miles Loftis,Zack Withers,Win,1185.5,0.502,+15.9,1201.4
2026-09-11,11549063,4,4,Zack Withers,Miles Loftis,Loss,1184.0,0.498,-15.9,1168.1
2026-09-11,11549063,4,5,Clay Westman,David Evans,Win,1184.0,0.546,+14.5,1198.5
2026-09-11,11549063,4,5,David Evans,Clay Westman,Loss,1152.0,0.454,-14.5,1137.5
2026-09-11,11549063,4,6,Brian Velasco,sawyer welden,Loss,1153.5,0.456,-14.6,1138.9
2026-09-11,11549063,4,6,sawyer welden,Brian Velasco,Win,1184.0,0.544,+14.6,1198.6
2026-09-18,11549064,1,1,Andrew C,Brian Velasco,Win,1200.0,0.587,+13.2,1213.2
2026-09-18,11549064,1,1,Brian Velasco,Andrew C,Loss,1138.9,0.413,-13.2,1125.7
2026-09-18,11549064,1,2,Lucas Enberg,Rory K,Loss,1200.0,0.454,-14.5,1185.5
2026-09-18,11549064,1,2,Rory K,Lucas Enberg,Win,1231.9,0.546,+14.5,1246.5
2026-09-18,11549064,1,3,Sam Hayes,Tom F,Win,1262.6,0.544,+14.6,1277.2
2026-09-18,11549064,1,3,Tom F,Sam Hayes,Loss,1232.0,0.456,-14.6,1217.4
2026-09-18,11549064,1,4,Miles Loftis,William C,Loss,1201.4,0.502,-16.1,1185.3
2026-09-18,11549064,1,4,William C,Miles Loftis,Win,1200.0,0.498,+16.1,1216.1
2026-09-18,11549064,1,5,Zack Withers,sawyer welden,Win,1168.1,0.456,+17.4,1185.5
2026-09-18,11549064,1,5,sawyer welden,Zack Withers,Loss,1198.6,0.544,-17.4,1181.2
2026-09-18,11549064,2,1,Sam Hayes,William C,Win,1277.2,0.587,+13.2,1290.4
2026-09-18,11549064,2,1,William C,Sam Hayes,Loss,1216.1,0.413,-13.2,1202.9
2026-09-18,11549064,2,2,Rory K,Zack Withers,Draw,1246.5,0.587,-2.8,1243.7
2026-09-18,11549064,2,2,Zack Withers,Rory K,Draw,1185.5,0.413,+2.8,1188.3
2026-09-18,11549064,2,3,Andrew C,Seba Fowler,Loss,1213.2,0.498,-15.9,1197.3
2026-09-18,11549064,2,3,Seba Fowler,Andrew C,Win,1214.6,0.502,+15.9,1230.5
2026-09-18,11549064,2,4,Brian Velasco,Miles Loftis,Win,1125.7,0.415,+18.7,1144.4
2026-09-18,11549064,2,4,Miles Loftis,Brian Velasco,Loss,1185.3,0.585,-18.7,1166.6
2026-09-18,11549064,2,5,Lucas Enberg,sawyer welden,Win,1185.5,0.506,+15.8,1201.3
2026-09-18,11549064,2,5,sawyer welden,Lucas Enberg,Loss,1181.2,0.494,-15.8,1165.4
2026-09-18,11549064,3,1,Sam Hayes,Seba Fowler,Win,1290.4,0.585,+13.3,1303.7
2026-09-18,11549064,3,1,Seba Fowler,Sam Hayes,Loss,1230.5,0.415,-13.3,1217.3
2026-09-18,11549064,3,2,Rory K,William C,Win,1243.7,0.558,+14.1,1257.8
2026-09-18,11549064,3,2,William C,Rory K,Loss,1202.9,0.442,-14.1,1188.7
2026-09-18,11549064,3,3,Lucas Enberg,Zack Withers,Loss,1201.3,0.519,-16.6,1184.7
2026-09-18,11549064,3,3,Zack Withers,Lucas Enberg,Win,1188.3,0.481,+16.6,1204.8
2026-09-18,11549064,3,4,Brian Velasco,Tom F,Loss,1144.4,0.396,-12.7,1131.7
2026-09-18,11549064,3,4,Tom F,Brian Velasco,Win,1217.4,0.604,+12.7,1230.1
2026-09-18,11549064,3,5,Andrew C,sawyer welden,Loss,1197.3,0.546,-17.5,1179.8
2026-09-18,11549064,3,5,sawyer welden,Andrew C,Win,1165.4,0.454,+17.5,1182.9
2026-09-18,11549064,4,1,Rory K,Sam Hayes,Win,1257.8,0.434,+18.1,1275.9
2026-09-18,11549064,4,1,Sam Hayes,Rory K,Loss,1303.7,0.566,-18.1,1285.6
2026-09-18,11549064,4,2,Seba Fowler,Zack Withers,Draw,1217.3,0.518,-0.6,1216.7
2026-09-18,11549064,4,2,Zack Withers,Seba Fowler,Draw,1204.8,0.482,+0.6,1205.4
2026-09-18,11549064,4,3,Tom F,William C,Loss,1230.1,0.559,-17.9,1212.2
2026-09-18,11549064,4,3,William C,Tom F,Win,1188.7,0.441,+17.9,1206.6
2026-09-18,11549064,4,4,Andrew C,Lucas Enberg,Win,1179.8,0.493,+16.2,1196.0
2026-09-18,11549064,4,4,Lucas Enberg,Andrew C,Loss,1184.7,0.507,-16.2,1168.4
2026-09-18,11549064,4,5,Miles Loftis,sawyer welden,Loss,1166.6,0.477,-15.3,1151.4
2026-09-18,11549064,4,5,sawyer welden,Miles Loftis,Win,1182.9,0.523,+15.3,1198.1
2026-10-02,11783553,1,1,Miles Loftis,Zack Withers,Loss,1151.4,0.423,-13.5,1137.8
2026-10-02,11783553,1,1,Zack Withers,Miles Loftis,Win,1205.4,0.577,+13.5,1219.0
2026-10-02,11783553,1,2,Chris Murphy,Sam Hayes,Win,1200.0,0.379,+19.9,1219.9
2026-10-02,11783553,1,2,Sam Hayes,Chris Murphy,Loss,1285.6,0.621,-19.9,1265.7
2026-10-02,11783553,1,3,Seba Fowler,Zak J,Win,1216.7,0.524,+15.2,1231.9
2026-10-02,11783553,1,3,Zak J,Seba Fowler,Loss,1200.0,0.476,-15.2,1184.8
2026-10-02,11783553,1,4,Rory K,sawyer welden,Win,1275.9,0.610,+12.5,1288.4
2026-10-02,11783553,1,4,sawyer welden,Rory K,Loss,1198.1,0.390,-12.5,1185.6
2026-10-02,11783553,2,1,Chris Murphy,Rory K,Loss,1219.9,0.403,-12.9,1207.0
2026-10-02,11783553,2,1,Rory K,Chris Murphy,Win,1288.4,0.597,+12.9,1301.3
2026-10-02,11783553,2,2,Connor Bell,Zack Withers,Win,1200.0,0.473,+16.9,1216.9
2026-10-02,11783553,2,2,Zack Withers,Connor Bell,Loss,1219.0,0.527,-16.9,1202.1
2026-10-02,11783553,2,3,Seba Fowler,sawyer welden,Loss,1231.9,0.566,-18.1,1213.8
2026-10-02,11783553,2,3,sawyer welden,Seba Fowler,Win,1185.6,0.434,+18.1,1203.8
2026-10-02,11783553,2,4,Miles Loftis,Sam Hayes,Loss,1137.8,0.324,-10.4,1127.5
2026-10-02,11783553,2,4,Sam Hayes,Miles Loftis,Win,1265.7,0.676,+10.4,1276.1
2026-10-02,11783553,3,1,Connor Bell,Rory K,Win,1216.9,0.381,+19.8,1236.7
2026-10-02,11783553,3,1,Rory K,Connor Bell,Loss,1301.3,0.619,-19.8,1281.5
2026-10-02,11783553,3,2,Zack Withers,sawyer welden,Loss,1202.1,0.498,-15.9,1186.2
2026-10-02,11783553,3,2,sawyer welden,Zack Withers,Win,1203.8,0.502,+15.9,1219.7
2026-10-02,11783553,3,3,Sam Hayes,Zak J,Win,1276.1,0.628,+11.9,1288.0
2026-10-02,11783553,3,3,Zak J,Sam Hayes,Loss,1184.8,0.372,-11.9,1172.9
2026-10-02,11783553,3,4,Chris Murphy,Seba Fowler,Loss,1207.0,0.490,-15.7,1191.3
2026-10-02,11783553,3,4,Seba Fowler,Chris Murphy,Win,1213.8,0.510,+15.7,1229.5
2026-10-02,11783553,4,1,Connor Bell,sawyer welden,Draw,1236.7,0.524,-0.8,1235.9
2026-10-02,11783553,4,1,sawyer welden,Connor Bell,Draw,1219.7,0.476,+0.8,1220.5
2026-10-02,11783553,4,2,Rory K,Seba Fowler,Draw,1281.5,0.574,-2.4,1279.1
2026-10-02,11783553,4,2,Seba Fowler,Rory K,Draw,1229.5,0.426,+2.4,1231.9
2026-10-02,11783553,4,3,Sam Hayes,Zack Withers,Loss,1288.0,0.642,-20.6,1267.4
2026-10-02,11783553,4,3,Zack Withers,Sam Hayes,Win,1186.2,0.358,+20.6,1206.7
2026-10-02,11783553,4,4,Chris Murphy,Zak J,Win,1191.3,0.526,+15.2,1206.4
2026-10-02,11783553,4,4,Zak J,Chris Murphy,Loss,1172.9,0.474,-15.2,1157.7
